"File Name","Chapter","Title"
"guide.asciidoc","All","Overall titles for the User Guide and chapters"
"copyright.asciidoc","Preface","Copyright"
"preface-audience.asciidoc","Preface","Audience and Goal"
"preface-organization.asciidoc","Preface","Organization"
"preface-reporting.asciidoc","Preface","Reporting Problems"
"preface-conventions.asciidoc","Preface","Conventions of the Guide"
"preface-scenario.asciidoc","Preface","Guiding Scenario"
"understanding-drupal.asciidoc","Understanding Drupal","Concept: Drupal as a Content Management System"
"understanding-modules.asciidoc","Understanding Drupal","Concept: Modules"
"understanding-themes.asciidoc","Understanding Drupal","Concept: Themes"
"understanding-distributions.asciidoc","Understanding Drupal","Concept: Distributions"
"understanding-data.asciidoc","Understanding Drupal","Concept: Types of Data"
"understanding-project.asciidoc","Understanding Drupal","Concept: The Drupal Project"
"understanding-gpl.asciidoc","Understanding Drupal","Concept: Drupal Licensing"
"block-regions.asciidoc","Planning your Site","Concept: Regions in a Theme"
"planning-layout.asciidoc","Planning your Site","Planning your Site Layout"
"planning-data-types.asciidoc","Planning your Site","Concept: Content Entities and Fields"
"planning-modular.asciidoc","Planning your Site","Concept: Modular Content"
"planning-structure.asciidoc","Planning your Site","Planning your Content Structure"
"planning-workflow.asciidoc","Planning your Site","Concept: Editorial Workflow"
"language-concept.asciidoc","Planning your Site","Concept: User Interface, Configuration, and Content Translation"
"install-requirements.asciidoc","Installation","Concept: Server Requirements"
"install-tools.asciidoc","Installation","Concept: Additional Tools"
"install-decide.asciidoc","Installation","Concept: Methods for Downloading the Core Software"
"install-prepare.asciidoc","Installation","Preparing to Install"
"install-composer.asciidoc","Installation","Using Composer to Download Files"
"install-manual.asciidoc","Installation","Downloading the Core Software Manually"
"install-run.asciidoc","Installation","Running the Interactive Installer"
"config-overview.asciidoc","Basic Site Configuration","Concept: Administrative Overview"
"config-basic.asciidoc","Basic Site Configuration","Editing Basic Site Information"
"config-install.asciidoc","Basic Site Configuration","Installing a Module"
"config-uninstall.asciidoc","Basic Site Configuration","Uninstalling Unused Modules"
"config-user.asciidoc","Basic Site Configuration","Configuring User Account Settings"
"config-theme.asciidoc","Basic Site Configuration","Configuring the Theme"
"content-paths.asciidoc","Basic Page Management","Concept: Paths, Aliases, and URLs"
"content-create.asciidoc","Basic Page Management","Creating a Content Item"
"content-edit.asciidoc","Basic Page Management","Editing a Content Item"
"content-in-place-edit.asciidoc","Basic Page Management","Editing with the In-Place Editor"
"menu-home.asciidoc","Basic Page Management","Designating a Front Page for your Site"
"menu-concept.asciidoc","Basic Page Management","Concept: Menu"
"menu-link-from-content.asciidoc","Basic Page Management","Adding a Page to the Navigation"
"menu-reorder.asciidoc","Basic Page Management","Changing the Order of Navigation"
"structure-content-type.asciidoc","Setting Up Content Structure","Adding a Content Type"
"structure-content-type-delete.asciidoc","Setting Up Content Structure","Deleting a Content Type"
"structure-fields.asciidoc","Setting Up Content Structure","Adding Basic Fields to a Content Type"
"structure-reference-fields.asciidoc","Setting Up Content Structure","Concept: Reference Fields"
"structure-taxonomy.asciidoc","Setting Up Content Structure","Concept: Taxonomy"
"structure-taxonomy-setup.asciidoc","Setting Up Content Structure","Setting Up a Taxonomy"
"structure-adding-reference.asciidoc","Setting Up Content Structure","Adding a Reference Field"
"structure-widgets.asciidoc","Setting Up Content Structure","Concept: Forms and Widgets"
"structure-form-editing.asciidoc","Setting Up Content Structure","Changing Content Entry Forms"
"structure-view-modes.asciidoc","Setting Up Content Structure","Concept: View Modes and Formatters"
"structure-content-display.asciidoc","Setting Up Content Structure","Changing Content Display"
"structure-image-styles.asciidoc","Setting Up Content Structure","Concept: Image Styles"
"structure-image-style-create.asciidoc","Setting Up Content Structure","Setting Up an Image Style"
"structure-image-responsive.asciidoc","Setting Up Content Structure","Concept: Responsive Image Styles"
"structure-text-formats.asciidoc","Setting Up Content Structure","Concept: Text Formats and Editors"
"structure-text-format-config.asciidoc","Setting Up Content Structure","Configuring Text Formats and Editors"
"user-concept.asciidoc","Managing User Accounts","Concept: Users, Roles, and Permissions"
"user-admin-account.asciidoc","Managing User Accounts","Concept: The User 1 Account"
"user-new-role.asciidoc","Managing User Accounts","Creating a Role"
"user-new-user.asciidoc","Managing User Accounts","Creating a User Account"
"user-permissions.asciidoc","Managing User Accounts","Assigning Permissions to a Role"
"user-roles.asciidoc","Managing User Accounts","Changing a User's Roles"
"user-content.asciidoc","Managing User Accounts","Assigning Authors to Content"
"block-concept.asciidoc","Blocks","Concept: Blocks"
"block-create-custom.asciidoc","Blocks","Creating a Custom Block"
"block-place.asciidoc","Blocks","Placing a Block in a Region"
"views-concept.asciidoc","Creating Listings with Views","Concept: Uses of Views"
"views-parts.asciidoc","Creating Listings with Views","Concept: The Parts of a View"
"views-create.asciidoc","Creating Listings with Views","Creating a Content List View"
"views-duplicate.asciidoc","Creating Listings with Views","Duplicating a View"
"views-block.asciidoc","Creating Listings with Views","Adding a Block Display to a View"
"language-add.asciidoc","Making Your Site Multilingual","Adding a Language"
"language-content-config.asciidoc","Making Your Site Multilingual","Configuring Content Translation"
"language-content-translate.asciidoc","Making Your Site Multilingual","Translating Content"
"language-config-translate.asciidoc","Making Your Site Multilingual","Translating Configuration"
"extend-module-find.asciidoc","Extending and Customizing Your Site","Finding Modules"
"extend-maintenance.asciidoc","Extending and Customizing Your Site","Enabling and Disabling Maintenance Mode"
"extend-module-install.asciidoc","Extending and Customizing Your Site","Downloading and Installing a Module from Drupal.org"
"extend-theme-find.asciidoc","Extending and Customizing Your Site","Finding Themes"
"extend-theme-install.asciidoc","Extending and Customizing Your Site","Downloading and Installing a Theme from Drupal.org"
"extend-manual-install.asciidoc","Extending and Customizing Your Site","Manually Downloading Module or Theme Files"
"install-dev-sites.asciidoc","Extending and Customizing Your Site","Concept: Development Sites"
"install-dev-making.asciidoc","Extending and Customizing Your Site","Making a Development Site"
"extend-deploy.asciidoc","Extending and Customizing Your Site","Deploying New Site Features"
"extend-config-versions.asciidoc","Extending and Customizing Your Site","Synchronizing Configuration Versions"
"extend-git.asciidoc","Extending and Customizing Your Site","Managing File and Configuration Revisions with Git"
"prevent-cache.asciidoc","Preventing and Fixing Problems","Concept: Cache"
"prevent-cache-clear.asciidoc","Preventing and Fixing Problems","Clearing the Cache"
"prevent-backups.asciidoc","Preventing and Fixing Problems","Concept: Data Backups"
"prevent-log.asciidoc","Preventing and Fixing Problems","Concept: Log"
"prevent-status.asciidoc","Preventing and Fixing Problems","Concept: Status report"
"security-cron-concept.asciidoc","Security and Maintenance","Concept: Cron"
"security-cron.asciidoc","Security and Maintenance","Configuring Cron Maintenance Tasks"
"security-concept.asciidoc","Security and Maintenance","Concept: Security and Regular Updates"
"security-announce.asciidoc","Security and Maintenance","Keeping Track of Updates"
"security-update-core.asciidoc","Security and Maintenance","Updating the Core Software"
"security-update-module.asciidoc","Security and Maintenance","Updating a Module"
"security-update-theme.asciidoc","Security and Maintenance","Updating a Theme"
"thoughts-connecting.asciidoc","Final Thoughts","Connecting with the Community"
"thoughts-support.asciidoc","Final Thoughts","Getting Support"
"thoughts-learn-more.asciidoc","Final Thoughts","Learning More"
"glossary.asciidoc","Glossary","Glossary"
"attributions.asciidoc","Appendix","Guide-Wide Attributions"
